Image,target
508.jpg,odissi
246.jpg,odissi
473.jpg,odissi
485.jpg,odissi
128.jpg,kathak
410.jpg,kuchipudi
465.jpg,kathak
196.jpg,odissi
340.jpg,odissi
467.jpg,kathak
306.jpg,kathak
171.jpg,odissi
323.jpg,odissi
332.jpg,odissi
330.jpg,kathak
170.jpg,bharatanatyam
479.jpg,odissi
9.jpg,bharatanatyam
283.jpg,kathak
114.jpg,odissi
507.jpg,odissi
183.jpg,odissi
200.jpg,odissi
457.jpg,odissi
264.jpg,kathak
194.jpg,odissi
518.jpg,odissi
175.jpg,odissi
64.jpg,odissi
152.jpg,bharatanatyam
270.jpg,kathak
125.jpg,kathak
38.jpg,kathak
440.jpg,kathak
302.jpg,kuchipudi
394.jpg,odissi
448.jpg,odissi
463.jpg,odissi
20.jpg,kathak
301.jpg,odissi
28.jpg,kathak
61.jpg,kathak
398.jpg,odissi
349.jpg,odissi
271.jpg,odissi
286.jpg,kathak
431.jpg,odissi
316.jpg,kathak
224.jpg,odissi
411.jpg,kuchipudi
278.jpg,kuchipudi
456.jpg,odissi
45.jpg,kathak
324.jpg,odissi
6.jpg,odissi
59.jpg,kathak
86.jpg,odissi
470.jpg,odissi
374.jpg,kathak
132.jpg,kathak
216.jpg,kathak
95.jpg,kathak
17.jpg,kathak
162.jpg,odissi
346.jpg,odissi
439.jpg,kuchipudi
232.jpg,odissi
150.jpg,kathak
401.jpg,odissi
145.jpg,bharatanatyam
23.jpg,kathak
514.jpg,kathak
193.jpg,odissi
416.jpg,odissi
447.jpg,odissi
220.jpg,odissi
505.jpg,bharatanatyam
147.jpg,odissi
210.jpg,odissi
40.jpg,odissi
284.jpg,odissi
55.jpg,bharatanatyam
378.jpg,odissi
520.jpg,odissi
484.jpg,odissi
112.jpg,odissi
360.jpg,odissi
317.jpg,kathak
71.jpg,manipuri
202.jpg,odissi
92.jpg,odissi
11.jpg,odissi
67.jpg,kathak
138.jpg,kathak
506.jpg,odissi
146.jpg,odissi
318.jpg,odissi
198.jpg,odissi
375.jpg,odissi
41.jpg,odissi
421.jpg,odissi
129.jpg,odissi
14.jpg,kathak
460.jpg,odissi
34.jpg,odissi
380.jpg,kuchipudi
238.jpg,odissi
392.jpg,odissi
80.jpg,manipuri
517.jpg,kathak
13.jpg,odissi
189.jpg,odissi
390.jpg,kuchipudi
487.jpg,odissi
438.jpg,odissi
482.jpg,odissi
206.jpg,kathak
217.jpg,odissi
285.jpg,kathak
385.jpg,odissi
495.jpg,odissi
269.jpg,odissi
429.jpg,odissi
291.jpg,kuchipudi
461.jpg,odissi
256.jpg,manipuri
48.jpg,kathak
290.jpg,odissi
437.jpg,odissi
498.jpg,odissi
173.jpg,kathak
280.jpg,kathak
119.jpg,bharatanatyam
363.jpg,odissi
97.jpg,kathak
414.jpg,kathak
386.jpg,odissi
424.jpg,bharatanatyam
157.jpg,odissi
33.jpg,kathak
354.jpg,odissi
57.jpg,kathak
108.jpg,odissi
239.jpg,odissi
441.jpg,kathak
215.jpg,kuchipudi
373.jpg,kathak
292.jpg,odissi
110.jpg,manipuri
510.jpg,odissi
275.jpg,odissi
366.jpg,odissi
226.jpg,odissi
35.jpg,kathak
458.jpg,odissi
358.jpg,odissi
